任务名称,任务描述,开始日期,结束日期,持续时间(天),前置任务,任务类型,负责人,优先级,模块分类,颜色编码
项目启动,项目启动会议,2024-01-01,2024-01-01,1,,项目启动,项目经理,高,项目管理,#6c757d
需求分析,需求分析和确认,2024-01-02,2024-01-03,2,项目启动,需求分析,产品经理,高,项目管理,#6c757d
技术选型,确定技术栈和架构,2024-01-02,2024-01-03,2,项目启动,技术选型,技术负责人,高,项目管理,#6c757d
第一阶段：项目初始化,项目初始化阶段,2024-01-04,2024-01-05,2,需求分析,项目阶段,项目经理,中,项目管理,#6c757d
搭建项目框架,创建Vue3+Vite项目,2024-01-04,2024-01-04,1,,开发任务,前端开发,高,项目初始化,#007bff
配置TypeScript,配置TypeScript环境,2024-01-04,2024-01-04,1,搭建项目框架,开发任务,前端开发,高,项目初始化,#007bff
配置ESLint和Prettier,配置代码规范工具,2024-01-04,2024-01-04,1,搭建项目框架,开发任务,前端开发,中,项目初始化,#007bff
安装Ant Design Vue,安装UI组件库,2024-01-05,2024-01-05,1,配置TypeScript,开发任务,前端开发,高,项目初始化,#007bff
配置路由和状态管理,配置Vue Router和Pinia,2024-01-05,2024-01-05,1,安装Ant Design Vue,开发任务,前端开发,高,项目初始化,#007bff
第一阶段完成,项目初始化完成,2024-01-05,2024-01-05,1,配置路由和状态管理,里程碑,项目经理,高,项目管理,#dc3545
第二阶段：基础功能开发,基础功能开发阶段,2024-01-06,2024-01-10,5,第一阶段完成,项目阶段,项目经理,中,项目管理,#6c757d
用户登录功能,实现用户登录接口和页面,2024-01-06,2024-01-07,2,,开发任务,前端开发,高,用户管理,#28a745
用户注册功能,实现用户注册接口和页面,2024-01-06,2024-01-07,2,,开发任务,前端开发,高,用户管理,#28a745
开发全局导航栏,创建GlobalHeader组件,2024-01-07,2024-01-08,2,用户登录功能,开发任务,前端开发,高,公共组件,#28a745
实现基础布局,创建BasicLayout布局,2024-01-08,2024-01-09,1,开发全局导航栏,开发任务,前端开发,高,公共组件,#28a745
配置请求拦截器,配置axios拦截器,2024-01-09,2024-01-10,1,实现基础布局,开发任务,前端开发,高,公共组件,#28a745
第二阶段完成,基础功能开发完成,2024-01-10,2024-01-10,1,配置请求拦截器,里程碑,项目经理,高,项目管理,#dc3545
第三阶段：核心业务开发,核心业务开发阶段,2024-01-11,2024-01-18,8,第二阶段完成,项目阶段,项目经理,中,项目管理,#6c757d
图片上传组件,开发PictureUpload组件,2024-01-11,2024-01-12,2,,开发任务,前端开发,高,图片管理,#17a2b8
图片上传接口,实现图片上传后端接口,2024-01-11,2024-01-12,2,,开发任务,后端开发,高,图片管理,#17a2b8
图片列表页面,开发图片列表展示页面,2024-01-13,2024-01-15,3,图片上传组件,开发任务,前端开发,高,图片管理,#17a2b8
图片详情页面,开发图片详情查看页面,2024-01-14,2024-01-16,2,图片列表页面,开发任务,前端开发,高,图片管理,#17a2b8
搜索功能,实现图片搜索功能,2024-01-15,2024-01-16,2,图片列表页面,开发任务,前端开发,中,图片管理,#17a2b8
筛选功能,实现图片筛选功能,2024-01-16,2024-01-17,2,搜索功能,开发任务,前端开发,中,图片管理,#17a2b8
个人中心页面,开发用户个人中心页面,2024-01-17,2024-01-18,2,图片详情页面,开发任务,前端开发,中,用户管理,#17a2b8
第三阶段完成,核心业务开发完成,2024-01-18,2024-01-18,1,个人中心页面,里程碑,项目经理,高,项目管理,#dc3545
第四阶段：管理功能开发,管理功能开发阶段,2024-01-19,2024-01-23,5,第三阶段完成,项目阶段,项目经理,中,项目管理,#6c757d
用户管理后台,开发用户管理页面,2024-01-19,2024-01-20,2,,开发任务,前端开发,高,后台管理,#ffc107
图片管理后台,开发图片管理页面,2024-01-20,2024-01-21,2,用户管理后台,开发任务,前端开发,高,后台管理,#ffc107
权限控制逻辑,实现管理员权限控制,2024-01-21,2024-01-22,2,图片管理后台,开发任务,前端开发,高,后台管理,#ffc107
管理界面优化,优化管理界面UI/UX,2024-01-22,2024-01-23,1,权限控制逻辑,开发任务,前端开发,中,后台管理,#ffc107
第四阶段完成,管理功能开发完成,2024-01-23,2024-01-23,1,管理界面优化,里程碑,项目经理,高,项目管理,#dc3545
第五阶段：优化和测试,优化和测试阶段,2024-01-24,2024-01-26,3,第四阶段完成,项目阶段,项目经理,中,项目管理,#6c757d
UI/UX优化,优化界面设计和用户体验,2024-01-24,2024-01-24,1,,开发任务,前端开发,中,优化,#6f42c1
性能优化,优化页面加载性能,2024-01-24,2024-01-25,1,UI/UX优化,开发任务,前端开发,中,优化,#6f42c1
Bug修复,修复测试中发现的问题,2024-01-25,2024-01-25,1,性能优化,开发任务,前端开发,高,优化,#6f42c1
部署上线,项目部署和上线,2024-01-26,2024-01-26,1,Bug修复,开发任务,运维,高,优化,#6f42c1
项目完成,项目正式上线,2024-01-26,2024-01-26,1,部署上线,里程碑,项目经理,高,项目管理,#dc3545